"id","parent_id:id","code","name"
"nace_root","","","NACE"
"nace_A","nace_root","A","AGRICULTURE, FORESTRY AND FISHING"
"nace_01","nace_A","01","Crop and animal production, hunting and related service activities"
"nace_011","nace_01","01.1","Growing of non-perennial crops"
"nace_0111","nace_011","01.11","Growing of cereals (except rice), leguminous crops and oil seeds"
"nace_0112","nace_011","01.12","Growing of rice"
"nace_0113","nace_011","01.13","Growing of vegetables and melons, roots and tubers"
"nace_0114","nace_011","01.14","Growing of sugar cane"
"nace_0115","nace_011","01.15","Growing of tobacco"
"nace_0116","nace_011","01.16","Growing of fibre crops"
"nace_0119","nace_011","01.19","Growing of other non-perennial crops"
"nace_012","nace_01","01.2","Growing of perennial crops"
"nace_0121","nace_012","01.21","Growing of grapes"
"nace_0122","nace_012","01.22","Growing of tropical and subtropical fruits"
"nace_0123","nace_012","01.23","Growing of citrus fruits"
"nace_0124","nace_012","01.24","Growing of pome fruits and stone fruits"
"nace_0125","nace_012","01.25","Growing of other tree and bush fruits and nuts"
"nace_0126","nace_012","01.26","Growing of oleaginous fruits"
"nace_0127","nace_012","01.27","Growing of beverage crops"
"nace_0128","nace_012","01.28","Growing of spices, aromatic, drug and pharmaceutical crops"
"nace_0129","nace_012","01.29","Growing of other perennial crops"
"nace_013","nace_01","01.3","Plant propagation"
"nace_0130","nace_013","01.30","Plant propagation"
"nace_014","nace_01","01.4","Animal production"
"nace_0141","nace_014","01.41","Raising of dairy cattle"
"nace_0142","nace_014","01.42","Raising of other cattle and buffaloes"
"nace_0143","nace_014","01.43","Raising of horses and other equines"
"nace_0144","nace_014","01.44","Raising of camels and camelids"
"nace_0145","nace_014","01.45","Raising of sheep and goats"
"nace_0146","nace_014","01.46","Raising of swine/pigs"
"nace_0147","nace_014","01.47","Raising of poultry"
"nace_0149","nace_014","01.49","Raising of other animals"
"nace_015","nace_01","01.5","Mixed farming"
"nace_0150","nace_015","01.50","Mixed farming"
"nace_016","nace_01","01.6","Support activities to agriculture and post-harvest crop activities"
"nace_0161","nace_016","01.61","Support activities for crop production"
"nace_0162","nace_016","01.62","Support activities for animal production"
"nace_0163","nace_016","01.63","Post-harvest crop activities"
"nace_0164","nace_016","01.64","Seed processing for propagation"
"nace_017","nace_01","01.7","Hunting, trapping and related service activities"
"nace_0170","nace_017","01.70","Hunting, trapping and related service activities"
"nace_02","nace_A","02","Forestry and logging"
"nace_021","nace_02","02.1","Silviculture and other forestry activities"
"nace_0210","nace_021","02.10","Silviculture and other forestry activities"
"nace_022","nace_02","02.2","Logging"
"nace_0220","nace_022","02.20","Logging"
"nace_023","nace_02","02.3","Gathering of wild growing non-wood products"
"nace_0230","nace_023","02.30","Gathering of wild growing non-wood products"
"nace_024","nace_02","02.4","Support services to forestry"
"nace_0240","nace_024","02.40","Support services to forestry"
"nace_03","nace_A","03","Fishing and aquaculture"
"nace_031","nace_03","03.1","Fishing"
"nace_0311","nace_031","03.11","Marine fishing"
"nace_0312","nace_031","03.12","Freshwater fishing"
"nace_032","nace_03","03.2","Aquaculture"
"nace_0321","nace_032","03.21","Marine aquaculture"
"nace_0322","nace_032","03.22","Freshwater aquaculture"
"nace_B","nace_root","B","MINING AND QUARRYING"
"nace_05","nace_B","05","Mining of coal and lignite"
"nace_051","nace_05","05.1","Mining of hard coal"
"nace_0510","nace_051","05.10","Mining of hard coal"
"nace_052","nace_05","05.2","Mining of lignite"
"nace_0520","nace_052","05.20","Mining of lignite"
"nace_06","nace_B","06","Extraction of crude petroleum and natural gas"
"nace_061","nace_06","06.1","Extraction of crude petroleum"
"nace_0610","nace_061","06.10","Extraction of crude petroleum"
"nace_062","nace_06","06.2","Extraction of natural gas"
"nace_0620","nace_062","06.20","Extraction of natural gas"
"nace_07","nace_B","07","Mining of metal ores"
"nace_071","nace_07","07.1","Mining of iron ores"
"nace_0710","nace_071","07.10","Mining of iron ores"
"nace_072","nace_07","07.2","Mining of non-ferrous metal ores"
"nace_0721","nace_072","07.21","Mining of uranium and thorium ores"
"nace_0729","nace_072","07.29","Mining of other non-ferrous metal ores"
"nace_08","nace_B","08","Other mining and quarrying"
"nace_081","nace_08","08.1","Quarrying of stone, sand and clay"
"nace_0811","nace_081","08.11","Quarrying of ornamental and building stone, limestone, gypsum, chalk and slate"
"nace_0812","nace_081","08.12","Operation of gravel and sand pits; mining of clays and kaolin"
"nace_089","nace_08","08.9","Mining and quarrying n.e.c."
"nace_0891","nace_089","08.91","Mining of chemical and fertiliser minerals"
"nace_0892","nace_089","08.92","Extraction of peat"
"nace_0893","nace_089","08.93","Extraction of salt"
"nace_0899","nace_089","08.99","Other mining and quarrying n.e.c."
"nace_09","nace_B","09","Mining support service activities"
"nace_091","nace_09","09.1","Support activities for petroleum and natural gas extraction"
"nace_0910","nace_091","09.10","Support activities for petroleum and natural gas extraction"
"nace_099","nace_09","09.9","Support activities for other mining and quarrying"
"nace_0990","nace_099","09.90","Support activities for other mining and quarrying"
"nace_C","nace_root","C","MANUFACTURING"
"nace_10","nace_C","10","Manufacture of food products"
"nace_101","nace_10","10.1","Processing and preserving of meat and production of meat products"
"nace_1011","nace_101","10.11","Processing and preserving of meat"
"nace_1012","nace_101","10.12","Processing and preserving of poultry meat"
"nace_1013","nace_101","10.13","Production of meat and poultry meat products"
"nace_102","nace_10","10.2","Processing and preserving of fish, crustaceans and molluscs"
"nace_1020","nace_102","10.20","Processing and preserving of fish, crustaceans and molluscs"
"nace_103","nace_10","10.3","Processing and preserving of fruit and vegetables"
"nace_1031","nace_103","10.31","Processing and preserving of potatoes"
"nace_1032","nace_103","10.32","Manufacture of fruit and vegetable juice"
"nace_1039","nace_103","10.39","Other processing and preserving of fruit and vegetables"
"nace_104","nace_10","10.4","Manufacture of vegetable and animal oils and fats"
"nace_1041","nace_104","10.41","Manufacture of oils and fats"
"nace_1042","nace_104","10.42","Manufacture of margarine and similar edible fats"
"nace_105","nace_10","10.5","Manufacture of dairy products"
"nace_1051","nace_105","10.51","Operation of dairies and cheese making"
"nace_1052","nace_105","10.52","Manufacture of ice cream"
"nace_106","nace_10","10.6","Manufacture of grain mill products, starches and starch products"
"nace_1061","nace_106","10.61","Manufacture of grain mill products"
"nace_1062","nace_106","10.62","Manufacture of starches and starch products"
"nace_107","nace_10","10.7","Manufacture of bakery and farinaceous products"
"nace_1071","nace_107","10.71","Manufacture of bread; manufacture of fresh pastry goods and cakes"
"nace_1072","nace_107","10.72","Manufacture of rusks and biscuits; manufacture of preserved pastry goods and cakes"
"nace_1073","nace_107","10.73","Manufacture of macaroni, noodles, couscous and similar farinaceous products"
"nace_108","nace_10","10.8","Manufacture of other food products"
"nace_1081","nace_108","10.81","Manufacture of sugar"
"nace_1082","nace_108","10.82","Manufacture of cocoa, chocolate and sugar confectionery"
"nace_1083","nace_108","10.83","Processing of tea and coffee"
"nace_1084","nace_108","10.84","Manufacture of condiments and seasonings"
"nace_1085","nace_108","10.85","Manufacture of prepared meals and dishes"
"nace_1086","nace_108","10.86","Manufacture of homogenised food preparations and dietetic food"
"nace_1089","nace_108","10.89","Manufacture of other food products n.e.c."
"nace_109","nace_10","10.9","Manufacture of prepared animal feeds"
"nace_1091","nace_109","10.91","Manufacture of prepared feeds for farm animals"
"nace_1092","nace_109","10.92","Manufacture of prepared pet foods"
"nace_11","nace_C","11","Manufacture of beverages"
"nace_110","nace_11","11.0","Manufacture of beverages"
"nace_1101","nace_110","11.01","Distilling, rectifying and blending of spirits"
"nace_1102","nace_110","11.02","Manufacture of wine from grape"
"nace_1103","nace_110","11.03","Manufacture of cider and other fruit wines"
"nace_1104","nace_110","11.04","Manufacture of other non-distilled fermented beverages"
"nace_1105","nace_110","11.05","Manufacture of beer"
"nace_1106","nace_110","11.06","Manufacture of malt"
"nace_1107","nace_110","11.07","Manufacture of soft drinks; production of mineral waters and other bottled waters"
"nace_12","nace_C","12","Manufacture of tobacco products"
"nace_120","nace_12","12.0","Manufacture of tobacco products"
"nace_1200","nace_120","12.00","Manufacture of tobacco products"
"nace_13","nace_C","13","Manufacture of textiles"
"nace_131","nace_13","13.1","Preparation and spinning of textile fibres"
"nace_1310","nace_131","13.10","Preparation and spinning of textile fibres"
"nace_132","nace_13","13.2","Weaving of textiles"
"nace_1320","nace_132","13.20","Weaving of textiles"
"nace_133","nace_13","13.3","Finishing of textiles"
"nace_1330","nace_133","13.30","Finishing of textiles"
"nace_139","nace_13","13.9","Manufacture of other textiles"
"nace_1391","nace_139","13.91","Manufacture of knitted and crocheted fabrics"
"nace_1392","nace_139","13.92","Manufacture of made-up textile articles, except apparel"
"nace_1393","nace_139","13.93","Manufacture of carpets and rugs"
"nace_1394","nace_139","13.94","Manufacture of cordage, rope, twine and netting"
"nace_1395","nace_139","13.95","Manufacture of non-wovens and articles made from non-wovens, except apparel"
"nace_1396","nace_139","13.96","Manufacture of other technical and industrial textiles"
"nace_1399","nace_139","13.99","Manufacture of other textiles n.e.c."
"nace_14","nace_C","14","Manufacture of wearing apparel"
"nace_141","nace_14","14.1","Manufacture of wearing apparel, except fur apparel"
"nace_1411","nace_141","14.11","Manufacture of leather clothes"
"nace_1412","nace_141","14.12","Manufacture of workwear"
"nace_1413","nace_141","14.13","Manufacture of other outerwear"
"nace_1414","nace_141","14.14","Manufacture of underwear"
"nace_1419","nace_141","14.19","Manufacture of other wearing apparel and accessories"
"nace_142","nace_14","14.2","Manufacture of articles of fur"
"nace_1420","nace_142","14.20","Manufacture of articles of fur"
"nace_143","nace_14","14.3","Manufacture of knitted and crocheted apparel"
"nace_1431","nace_143","14.31","Manufacture of knitted and crocheted hosiery"
"nace_1439","nace_143","14.39","Manufacture of other knitted and crocheted apparel"
"nace_15","nace_C","15","Manufacture of leather and related products"
"nace_151","nace_15","15.1","Tanning and dressing of leather; manufacture of luggage, handbags, saddlery and harness; dressing and dyeing of fur"
"nace_1511","nace_151","15.11","Tanning and dressing of leather; dressing and dyeing of fur"
"nace_1512","nace_151","15.12","Manufacture of luggage, handbags and the like, saddlery and harness"
"nace_152","nace_15","15.2","Manufacture of footwear"
"nace_1520","nace_152","15.20","Manufacture of footwear"
"nace_16","nace_C","16","Manufacture of wood and of products of wood and cork, except furniture; manufacture of articles of straw and plaiting materials"
"nace_161","nace_16","16.1","Sawmilling and planing of wood"
"nace_1610","nace_161","16.10","Sawmilling and planing of wood"
"nace_162","nace_16","16.2","Manufacture of products of wood, cork, straw and plaiting materials"
"nace_1621","nace_162","16.21","Manufacture of veneer sheets and wood-based panels"
"nace_1622","nace_162","16.22","Manufacture of assembled parquet floors"
"nace_1623","nace_162","16.23","Manufacture of other builders' carpentry and joinery"
"nace_1624","nace_162","16.24","Manufacture of wooden containers"
"nace_1629","nace_162","16.29","Manufacture of other products of wood; manufacture of articles of cork, straw and plaiting materials"
"nace_17","nace_C","17","Manufacture of paper and paper products"
"nace_171","nace_17","17.1","Manufacture of pulp, paper and paperboard"
"nace_1711","nace_171","17.11","Manufacture of pulp"
"nace_1712","nace_171","17.12","Manufacture of paper and paperboard"
"nace_172","nace_17","17.2","Manufacture of articles of paper and paperboard "
"nace_1721","nace_172","17.21","Manufacture of corrugated paper and paperboard and of containers of paper and paperboard"
"nace_1722","nace_172","17.22","Manufacture of household and sanitary goods and of toilet requisites"
"nace_1723","nace_172","17.23","Manufacture of paper stationery"
"nace_1724","nace_172","17.24","Manufacture of wallpaper"
"nace_1729","nace_172","17.29","Manufacture of other articles of paper and paperboard"
"nace_18","nace_C","18","Printing and reproduction of recorded media"
"nace_181","nace_18","18.1","Printing and service activities related to printing"
"nace_1811","nace_181","18.11","Printing of newspapers"
"nace_1812","nace_181","18.12","Other printing"
"nace_1813","nace_181","18.13","Pre-press and pre-media services"
"nace_1814","nace_181","18.14","Binding and related services"
"nace_182","nace_18","18.2","Reproduction of recorded media"
"nace_1820","nace_182","18.20","Reproduction of recorded media"
"nace_19","nace_C","19","Manufacture of coke and refined petroleum products"
"nace_191","nace_19","19.1","Manufacture of coke oven products"
"nace_1910","nace_191","19.10","Manufacture of coke oven products"
"nace_192","nace_19","19.2","Manufacture of refined petroleum products"
"nace_1920","nace_192","19.20","Manufacture of refined petroleum products"
"nace_20","nace_C","20","Manufacture of chemicals and chemical products"
"nace_201","nace_20","20.1","Manufacture of basic chemicals, fertilisers and nitrogen compounds, plastics and synthetic rubber in primary forms"
"nace_2011","nace_201","20.11","Manufacture of industrial gases"
"nace_2012","nace_201","20.12","Manufacture of dyes and pigments"
"nace_2013","nace_201","20.13","Manufacture of other inorganic basic chemicals"
"nace_2014","nace_201","20.14","Manufacture of other organic basic chemicals"
"nace_2015","nace_201","20.15","Manufacture of fertilisers and nitrogen compounds"
"nace_2016","nace_201","20.16","Manufacture of plastics in primary forms"
"nace_2017","nace_201","20.17","Manufacture of synthetic rubber in primary forms"
"nace_202","nace_20","20.2","Manufacture of pesticides and other agrochemical products"
"nace_2020","nace_202","20.20","Manufacture of pesticides and other agrochemical products"
"nace_203","nace_20","20.3","Manufacture of paints, varnishes and similar coatings, printing ink and mastics"
"nace_2030","nace_203","20.30","Manufacture of paints, varnishes and similar coatings, printing ink and mastics"
"nace_204","nace_20","20.4","Manufacture of soap and detergents, cleaning and polishing preparations, perfumes and toilet preparations"
"nace_2041","nace_204","20.41","Manufacture of soap and detergents, cleaning and polishing preparations"
"nace_2042","nace_204","20.42","Manufacture of perfumes and toilet preparations"
"nace_205","nace_20","20.5","Manufacture of other chemical products"
"nace_2051","nace_205","20.51","Manufacture of explosives"
"nace_2052","nace_205","20.52","Manufacture of glues"
"nace_2053","nace_205","20.53","Manufacture of essential oils"
"nace_2059","nace_205","20.59","Manufacture of other chemical products n.e.c."
"nace_206","nace_20","20.6","Manufacture of man-made fibres"
"nace_2060","nace_206","20.60","Manufacture of man-made fibres"
"nace_21","nace_C","21","Manufacture of basic pharmaceutical products and pharmaceutical preparations"
"nace_211","nace_21","21.1","Manufacture of basic pharmaceutical products"
"nace_2110","nace_211","21.10","Manufacture of basic pharmaceutical products"
"nace_212","nace_21","21.2","Manufacture of pharmaceutical preparations"
"nace_2120","nace_212","21.20","Manufacture of pharmaceutical preparations"
"nace_22","nace_C","22","Manufacture of rubber and plastic products"
"nace_221","nace_22","22.1","Manufacture of rubber products"
"nace_2211","nace_221","22.11","Manufacture of rubber tyres and tubes; retreading and rebuilding of rubber tyres"
"nace_2219","nace_221","22.19","Manufacture of other rubber products"
"nace_222","nace_22","22.2","Manufacture of plastic products"
"nace_2221","nace_222","22.21","Manufacture of plastic plates, sheets, tubes and profiles"
"nace_2222","nace_222","22.22","Manufacture of plastic packing goods"
"nace_2223","nace_222","22.23","Manufacture of builders’ ware of plastic"
"nace_2229","nace_222","22.29","Manufacture of other plastic products"
"nace_23","nace_C","23","Manufacture of other non-metallic mineral products"
"nace_231","nace_23","23.1","Manufacture of glass and glass products"
"nace_2311","nace_231","23.11","Manufacture of flat glass"
"nace_2312","nace_231","23.12","Shaping and processing of flat glass"
"nace_2313","nace_231","23.13","Manufacture of hollow glass"
"nace_2314","nace_231","23.14","Manufacture of glass fibres"
"nace_2319","nace_231","23.19","Manufacture and processing of other glass, including technical glassware"
"nace_232","nace_23","23.2","Manufacture of refractory products"
"nace_2320","nace_232","23.20","Manufacture of refractory products"
"nace_233","nace_23","23.3","Manufacture of clay building materials"
"nace_2331","nace_233","23.31","Manufacture of ceramic tiles and flags"
"nace_2332","nace_233","23.32","Manufacture of bricks, tiles and construction products, in baked clay"
"nace_234","nace_23","23.4","Manufacture of other porcelain and ceramic products"
"nace_2341","nace_234","23.41","Manufacture of ceramic household and ornamental articles"
"nace_2342","nace_234","23.42","Manufacture of ceramic sanitary fixtures"
"nace_2343","nace_234","23.43","Manufacture of ceramic insulators and insulating fittings"
"nace_2344","nace_234","23.44","Manufacture of other technical ceramic products"
"nace_2349","nace_234","23.49","Manufacture of other ceramic products"
"nace_235","nace_23","23.5","Manufacture of cement, lime and plaster"
"nace_2351","nace_235","23.51","Manufacture of cement"
"nace_2352","nace_235","23.52","Manufacture of lime and plaster"
"nace_236","nace_23","23.6","Manufacture of articles of concrete, cement and plaster"
"nace_2361","nace_236","23.61","Manufacture of concrete products for construction purposes"
"nace_2362","nace_236","23.62","Manufacture of plaster products for construction purposes"
"nace_2363","nace_236","23.63","Manufacture of ready-mixed concrete"
"nace_2364","nace_236","23.64","Manufacture of mortars"
"nace_2365","nace_236","23.65","Manufacture of fibre cement"
"nace_2369","nace_236","23.69","Manufacture of other articles of concrete, plaster and cement"
"nace_237","nace_23","23.7","Cutting, shaping and finishing of stone"
"nace_2370","nace_237","23.70","Cutting, shaping and finishing of stone"
"nace_239","nace_23","23.9","Manufacture of abrasive products and non-metallic mineral products n.e.c."
"nace_2391","nace_239","23.91","Production of abrasive products"
"nace_2399","nace_239","23.99","Manufacture of other non-metallic mineral products n.e.c."
"nace_24","nace_C","24","Manufacture of basic metals"
"nace_241","nace_24","24.1","Manufacture of basic iron and steel and of ferro-alloys"
"nace_2410","nace_241","24.10","Manufacture of basic iron and steel and of ferro-alloys "
"nace_242","nace_24","24.2","Manufacture of tubes, pipes, hollow profiles and related fittings, of steel"
"nace_2420","nace_242","24.20","Manufacture of tubes, pipes, hollow profiles and related fittings, of steel"
"nace_243","nace_24","24.3","Manufacture of other products of first processing of steel"
"nace_2431","nace_243","24.31","Cold drawing of bars"
"nace_2432","nace_243","24.32","Cold rolling of narrow strip"
"nace_2433","nace_243","24.33","Cold forming or folding"
"nace_2434","nace_243","24.34","Cold drawing of wire"
"nace_244","nace_24","24.4","Manufacture of basic precious and other non-ferrous metals"
"nace_2441","nace_244","24.41","Precious metals production"
"nace_2442","nace_244","24.42","Aluminium production"
"nace_2443","nace_244","24.43","Lead, zinc and tin production"
"nace_2444","nace_244","24.44","Copper production"
"nace_2445","nace_244","24.45","Other non-ferrous metal production"
"nace_2446","nace_244","24.46","Processing of nuclear fuel "
"nace_245","nace_24","24.5","Casting of metals"
"nace_2451","nace_245","24.51","Casting of iron"
"nace_2452","nace_245","24.52","Casting of steel"
"nace_2453","nace_245","24.53","Casting of light metals"
"nace_2454","nace_245","24.54","Casting of other non-ferrous metals"
"nace_25","nace_C","25","Manufacture of fabricated metal products, except machinery and equipment"
"nace_251","nace_25","25.1","Manufacture of structural metal products"
"nace_2511","nace_251","25.11","Manufacture of metal structures and parts of structures"
"nace_2512","nace_251","25.12","Manufacture of doors and windows of metal"
"nace_252","nace_25","25.2","Manufacture of tanks, reservoirs and containers of metal"
"nace_2521","nace_252","25.21","Manufacture of central heating radiators and boilers"
"nace_2529","nace_252","25.29","Manufacture of other tanks, reservoirs and containers of metal"
"nace_253","nace_25","25.3","Manufacture of steam generators, except central heating hot water boilers"
"nace_2530","nace_253","25.30","Manufacture of steam generators, except central heating hot water boilers"
"nace_254","nace_25","25.4","Manufacture of weapons and ammunition"
"nace_2540","nace_254","25.40","Manufacture of weapons and ammunition"
"nace_255","nace_25","25.5","Forging, pressing, stamping and roll-forming of metal; powder metallurgy"
"nace_2550","nace_255","25.50","Forging, pressing, stamping and roll-forming of metal; powder metallurgy"
"nace_256","nace_25","25.6","Treatment and coating of metals; machining"
"nace_2561","nace_256","25.61","Treatment and coating of metals"
"nace_2562","nace_256","25.62","Machining"
"nace_257","nace_25","25.7","Manufacture of cutlery, tools and general hardware"
"nace_2571","nace_257","25.71","Manufacture of cutlery"
"nace_2572","nace_257","25.72","Manufacture of locks and hinges"
"nace_2573","nace_257","25.73","Manufacture of tools"
"nace_259","nace_25","25.9","Manufacture of other fabricated metal products"
"nace_2591","nace_259","25.91","Manufacture of steel drums and similar containers"
"nace_2592","nace_259","25.92","Manufacture of light metal packaging "
"nace_2593","nace_259","25.93","Manufacture of wire products, chain and springs"
"nace_2594","nace_259","25.94","Manufacture of fasteners and screw machine products"
"nace_2599","nace_259","25.99","Manufacture of other fabricated metal products n.e.c."
"nace_26","nace_C","26","Manufacture of computer, electronic and optical products"
"nace_261","nace_26","26.1","Manufacture of electronic components and boards"
"nace_2611","nace_261","26.11","Manufacture of electronic components"
"nace_2612","nace_261","26.12","Manufacture of loaded electronic boards"
"nace_262","nace_26","26.2","Manufacture of computers and peripheral equipment"
"nace_2620","nace_262","26.20","Manufacture of computers and peripheral equipment"
"nace_263","nace_26","26.3","Manufacture of communication equipment"
"nace_2630","nace_263","26.30","Manufacture of communication equipment"
"nace_264","nace_26","26.4","Manufacture of consumer electronics"
"nace_2640","nace_264","26.40","Manufacture of consumer electronics"
"nace_265","nace_26","26.5","Manufacture of instruments and appliances for measuring, testing and navigation; watches and clocks"
"nace_2651","nace_265","26.51","Manufacture of instruments and appliances for measuring, testing and navigation"
"nace_2652","nace_265","26.52","Manufacture of watches and clocks"
"nace_266","nace_26","26.6","Manufacture of irradiation, electromedical and electrotherapeutic equipment"
"nace_2660","nace_266","26.60","Manufacture of irradiation, electromedical and electrotherapeutic equipment"
"nace_267","nace_26","26.7","Manufacture of optical instruments and photographic equipment"
"nace_2670","nace_267","26.70","Manufacture of optical instruments and photographic equipment"
"nace_268","nace_26","26.8","Manufacture of magnetic and optical media"
"nace_2680","nace_268","26.80","Manufacture of magnetic and optical media"
"nace_27","nace_C","27","Manufacture of electrical equipment"
"nace_271","nace_27","27.1","Manufacture of electric motors, generators, transformers and electricity distribution and control apparatus"
"nace_2711","nace_271","27.11","Manufacture of electric motors, generators and transformers"
"nace_2712","nace_271","27.12","Manufacture of electricity distribution and control apparatus"
"nace_272","nace_27","27.2","Manufacture of batteries and accumulators"
"nace_2720","nace_272","27.20","Manufacture of batteries and accumulators"
"nace_273","nace_27","27.3","Manufacture of wiring and wiring devices"
"nace_2731","nace_273","27.31","Manufacture of fibre optic cables"
"nace_2732","nace_273","27.32","Manufacture of other electronic and electric wires and cables"
"nace_2733","nace_273","27.33","Manufacture of wiring devices"
"nace_274","nace_27","27.4","Manufacture of electric lighting equipment"
"nace_2740","nace_274","27.40","Manufacture of electric lighting equipment"
"nace_275","nace_27","27.5","Manufacture of domestic appliances"
"nace_2751","nace_275","27.51","Manufacture of electric domestic appliances"
"nace_2752","nace_275","27.52","Manufacture of non-electric domestic appliances"
"nace_279","nace_27","27.9","Manufacture of other electrical equipment"
"nace_2790","nace_279","27.90","Manufacture of other electrical equipment"
"nace_28","nace_C","28","Manufacture of machinery and equipment n.e.c."
"nace_281","nace_28","28.1","Manufacture of general-purpose machinery"
"nace_2811","nace_281","28.11","Manufacture of engines and turbines, except aircraft, vehicle and cycle engines"
"nace_2812","nace_281","28.12","Manufacture of fluid power equipment"
"nace_2813","nace_281","28.13","Manufacture of other pumps and compressors"
"nace_2814","nace_281","28.14","Manufacture of other taps and valves"
"nace_2815","nace_281","28.15","Manufacture of bearings, gears, gearing and driving elements"
"nace_282","nace_28","28.2","Manufacture of other general-purpose machinery"
"nace_2821","nace_282","28.21","Manufacture of ovens, furnaces and furnace burners"
"nace_2822","nace_282","28.22","Manufacture of lifting and handling equipment"
"nace_2823","nace_282","28.23","Manufacture of office machinery and equipment (except computers and peripheral equipment)"
"nace_2824","nace_282","28.24","Manufacture of power-driven hand tools"
"nace_2825","nace_282","28.25","Manufacture of non-domestic cooling and ventilation equipment"
"nace_2829","nace_282","28.29","Manufacture of other general-purpose machinery n.e.c."
"nace_283","nace_28","28.3","Manufacture of agricultural and forestry machinery"
"nace_2830","nace_283","28.30","Manufacture of agricultural and forestry machinery"
"nace_284","nace_28","28.4","Manufacture of metal forming machinery and machine tools"
"nace_2841","nace_284","28.41","Manufacture of metal forming machinery"
"nace_2849","nace_284","28.49","Manufacture of other machine tools"
"nace_289","nace_28","28.9","Manufacture of other special-purpose machinery"
"nace_2891","nace_289","28.91","Manufacture of machinery for metallurgy"
"nace_2892","nace_289","28.92","Manufacture of machinery for mining, quarrying and construction"
"nace_2893","nace_289","28.93","Manufacture of machinery for food, beverage and tobacco processing"
"nace_2894","nace_289","28.94","Manufacture of machinery for textile, apparel and leather production"
"nace_2895","nace_289","28.95","Manufacture of machinery for paper and paperboard production"
"nace_2896","nace_289","28.96","Manufacture of plastics and rubber machinery"
"nace_2899","nace_289","28.99","Manufacture of other special-purpose machinery n.e.c."
"nace_29","nace_C","29","Manufacture of motor vehicles, trailers and semi-trailers"
"nace_291","nace_29","29.1","Manufacture of motor vehicles"
"nace_2910","nace_291","29.10","Manufacture of motor vehicles"
"nace_292","nace_29","29.2","Manufacture of bodies (coachwork) for motor vehicles; manufacture of trailers and semi-trailers"
"nace_2920","nace_292","29.20","Manufacture of bodies (coachwork) for motor vehicles; manufacture of trailers and semi-trailers"
"nace_293","nace_29","29.3","Manufacture of parts and accessories for motor vehicles"
"nace_2931","nace_293","29.31","Manufacture of electrical and electronic equipment for motor vehicles"
"nace_2932","nace_293","29.32","Manufacture of other parts and accessories for motor vehicles"
"nace_30","nace_C","30","Manufacture of other transport equipment"
"nace_301","nace_30","30.1","Building of ships and boats"
"nace_3011","nace_301","30.11","Building of ships and floating structures"
"nace_3012","nace_301","30.12","Building of pleasure and sporting boats"
"nace_302","nace_30","30.2","Manufacture of railway locomotives and rolling stock"
"nace_3020","nace_302","30.20","Manufacture of railway locomotives and rolling stock"
"nace_303","nace_30","30.3","Manufacture of air and spacecraft and related machinery"
"nace_3030","nace_303","30.30","Manufacture of air and spacecraft and related machinery"
"nace_304","nace_30","30.4","Manufacture of military fighting vehicles"
"nace_3040","nace_304","30.40","Manufacture of military fighting vehicles"
"nace_309","nace_30","30.9","Manufacture of transport equipment n.e.c."
"nace_3091","nace_309","30.91","Manufacture of motorcycles"
"nace_3092","nace_309","30.92","Manufacture of bicycles and invalid carriages"
"nace_3099","nace_309","30.99","Manufacture of other transport equipment n.e.c."
"nace_31","nace_C","31","Manufacture of furniture"
"nace_310","nace_31","31.0","Manufacture of furniture"
"nace_3101","nace_310","31.01","Manufacture of office and shop furniture"
"nace_3102","nace_310","31.02","Manufacture of kitchen furniture"
"nace_3103","nace_310","31.03","Manufacture of mattresses"
"nace_3109","nace_310","31.09","Manufacture of other furniture"
"nace_32","nace_C","32","Other manufacturing"
"nace_321","nace_32","32.1","Manufacture of jewellery, bijouterie and related articles"
"nace_3211","nace_321","32.11","Striking of coins"
"nace_3212","nace_321","32.12","Manufacture of jewellery and related articles"
"nace_3213","nace_321","32.13","Manufacture of imitation jewellery and related articles"
"nace_322","nace_32","32.2","Manufacture of musical instruments"
"nace_3220","nace_322","32.20","Manufacture of musical instruments"
"nace_323","nace_32","32.3","Manufacture of sports goods"
"nace_3230","nace_323","32.30","Manufacture of sports goods"
"nace_324","nace_32","32.4","Manufacture of games and toys"
"nace_3240","nace_324","32.40","Manufacture of games and toys"
"nace_325","nace_32","32.5","Manufacture of medical and dental instruments and supplies"
"nace_3250","nace_325","32.50","Manufacture of medical and dental instruments and supplies"
"nace_329","nace_32","32.9","Manufacturing n.e.c."
"nace_3291","nace_329","32.91","Manufacture of brooms and brushes"
"nace_3299","nace_329","32.99","Other manufacturing n.e.c. "
"nace_33","nace_C","33","Repair and installation of machinery and equipment"
"nace_331","nace_33","33.1","Repair of fabricated metal products, machinery and equipment"
"nace_3311","nace_331","33.11","Repair of fabricated metal products"
"nace_3312","nace_331","33.12","Repair of machinery"
"nace_3313","nace_331","33.13","Repair of electronic and optical equipment"
"nace_3314","nace_331","33.14","Repair of electrical equipment"
"nace_3315","nace_331","33.15","Repair and maintenance of ships and boats"
"nace_3316","nace_331","33.16","Repair and maintenance of aircraft and spacecraft"
"nace_3317","nace_331","33.17","Repair and maintenance of other transport equipment"
"nace_3319","nace_331","33.19","Repair of other equipment"
"nace_332","nace_33","33.2","Installation of industrial machinery and equipment"
"nace_3320","nace_332","33.20","Installation of industrial machinery and equipment"
"nace_D","nace_root","D","ELECTRICITY, GAS, STEAM AND AIR CONDITIONING SUPPLY"
"nace_35","nace_D","35","Electricity, gas, steam and air conditioning supply"
"nace_351","nace_35","35.1","Electric power generation, transmission and distribution"
"nace_3511","nace_351","35.11","Production of electricity"
"nace_3512","nace_351","35.12","Transmission of electricity"
"nace_3513","nace_351","35.13","Distribution of electricity"
"nace_3514","nace_351","35.14","Trade of electricity"
"nace_352","nace_35","35.2","Manufacture of gas; distribution of gaseous fuels through mains"
"nace_3521","nace_352","35.21","Manufacture of gas"
"nace_3522","nace_352","35.22","Distribution of gaseous fuels through mains"
"nace_3523","nace_352","35.23","Trade of gas through mains"
"nace_353","nace_35","35.3","Steam and air conditioning supply"
"nace_3530","nace_353","35.30","Steam and air conditioning supply"
"nace_E","nace_root","E","WATER SUPPLY; SEWERAGE, WASTE MANAGEMENT AND REMEDIATION ACTIVITIES"
"nace_36","nace_E","36","Water collection, treatment and supply"
"nace_360","nace_36","36.0","Water collection, treatment and supply"
"nace_3600","nace_360","36.00","Water collection, treatment and supply"
"nace_37","nace_E","37","Sewerage"
"nace_370","nace_37","37.0","Sewerage"
"nace_3700","nace_370","37.00","Sewerage"
"nace_38","nace_E","38","Waste collection, treatment and disposal activities; materials recovery"
"nace_381","nace_38","38.1","Waste collection"
"nace_3811","nace_381","38.11","Collection of non-hazardous waste"
"nace_3812","nace_381","38.12","Collection of hazardous waste"
"nace_382","nace_38","38.2","Waste treatment and disposal"
"nace_3821","nace_382","38.21","Treatment and disposal of non-hazardous waste"
"nace_3822","nace_382","38.22","Treatment and disposal of hazardous waste"
"nace_383","nace_38","38.3","Materials recovery"
"nace_3831","nace_383","38.31","Dismantling of wrecks"
"nace_3832","nace_383","38.32","Recovery of sorted materials"
"nace_39","nace_E","39","Remediation activities and other waste management services"
"nace_390","nace_39","39.0","Remediation activities and other waste management services"
"nace_3900","nace_390","39.00","Remediation activities and other waste management services"
"nace_F","nace_root","F","CONSTRUCTION"
"nace_41","nace_F","41","Construction of buildings"
"nace_411","nace_41","41.1","Development of building projects"
"nace_4110","nace_411","41.10","Development of building projects"
"nace_412","nace_41","41.2","Construction of residential and non-residential buildings"
"nace_4120","nace_412","41.20","Construction of residential and non-residential buildings"
"nace_42","nace_F","42","Civil engineering"
"nace_421","nace_42","42.1","Construction of roads and railways"
"nace_4211","nace_421","42.11","Construction of roads and motorways"
"nace_4212","nace_421","42.12","Construction of railways and underground railways"
"nace_4213","nace_421","42.13","Construction of bridges and tunnels"
"nace_422","nace_42","42.2","Construction of utility projects"
"nace_4221","nace_422","42.21","Construction of utility projects for fluids"
"nace_4222","nace_422","42.22","Construction of utility projects for electricity and telecommunications"
"nace_429","nace_42","42.9","Construction of other civil engineering projects"
"nace_4291","nace_429","42.91","Construction of water projects"
"nace_4299","nace_429","42.99","Construction of other civil engineering projects n.e.c."
"nace_43","nace_F","43","Specialised construction activities"
"nace_431","nace_43","43.1","Demolition and site preparation"
"nace_4311","nace_431","43.11","Demolition"
"nace_4312","nace_431","43.12","Site preparation"
"nace_4313","nace_431","43.13","Test drilling and boring"
"nace_432","nace_43","43.2","Electrical, plumbing and other construction installation activities"
"nace_4321","nace_432","43.21","Electrical installation"
"nace_4322","nace_432","43.22","Plumbing, heat and air-conditioning installation"
"nace_4329","nace_432","43.29","Other construction installation"
"nace_433","nace_43","43.3","Building completion and finishing"
"nace_4331","nace_433","43.31","Plastering"
"nace_4332","nace_433","43.32","Joinery installation"
"nace_4333","nace_433","43.33","Floor and wall covering"
"nace_4334","nace_433","43.34","Painting and glazing"
"nace_4339","nace_433","43.39","Other building completion and finishing"
"nace_439","nace_43","43.9","Other specialised construction activities"
"nace_4391","nace_439","43.91","Roofing activities"
"nace_4399","nace_439","43.99","Other specialised construction activities n.e.c."
"nace_G","nace_root","G","WHOLESALE AND RETAIL TRADE; REPAIR OF MOTOR VEHICLES AND MOTORCYCLES"
"nace_45","nace_G","45","Wholesale and retail trade and repair of motor vehicles and motorcycles"
"nace_451","nace_45","45.1","Sale of motor vehicles"
"nace_4511","nace_451","45.11","Sale of cars and light motor vehicles"
"nace_4519","nace_451","45.19","Sale of other motor vehicles"
"nace_452","nace_45","45.2","Maintenance and repair of motor vehicles"
"nace_4520","nace_452","45.20","Maintenance and repair of motor vehicles"
"nace_453","nace_45","45.3","Sale of motor vehicle parts and accessories"
"nace_4531","nace_453","45.31","Wholesale trade of motor vehicle parts and accessories"
"nace_4532","nace_453","45.32","Retail trade of motor vehicle parts and accessories"
"nace_454","nace_45","45.4","Sale, maintenance and repair of motorcycles and related parts and accessories"
"nace_4540","nace_454","45.40","Sale, maintenance and repair of motorcycles and related parts and accessories"
"nace_46","nace_G","46","Wholesale trade, except of motor vehicles and motorcycles"
"nace_461","nace_46","46.1","Wholesale on a fee or contract basis"
"nace_4611","nace_461","46.11","Agents involved in the sale of agricultural raw materials, live animals, textile raw materials and semi-finished goods"
"nace_4612","nace_461","46.12","Agents involved in the sale of fuels, ores, metals and industrial chemicals"
"nace_4613","nace_461","46.13","Agents involved in the sale of timber and building materials"
"nace_4614","nace_461","46.14","Agents involved in the sale of machinery, industrial equipment, ships and aircraft"
"nace_4615","nace_461","46.15","Agents involved in the sale of furniture, household goods, hardware and ironmongery"
"nace_4616","nace_461","46.16","Agents involved in the sale of textiles, clothing, fur, footwear and leather goods"
"nace_4617","nace_461","46.17","Agents involved in the sale of food, beverages and tobacco"
"nace_4618","nace_461","46.18","Agents specialised in the sale of other particular products"
"nace_4619","nace_461","46.19","Agents involved in the sale of a variety of goods"
"nace_462","nace_46","46.2","Wholesale of agricultural raw materials and live animals"
"nace_4621","nace_462","46.21","Wholesale of grain, unmanufactured tobacco, seeds and animal feeds"
"nace_4622","nace_462","46.22","Wholesale of flowers and plants"
"nace_4623","nace_462","46.23","Wholesale of live animals"
"nace_4624","nace_462","46.24","Wholesale of hides, skins and leather"
"nace_463","nace_46","46.3","Wholesale of food, beverages and tobacco"
"nace_4631","nace_463","46.31","Wholesale of fruit and vegetables"
"nace_4632","nace_463","46.32","Wholesale of meat and meat products"
"nace_4633","nace_463","46.33","Wholesale of dairy products, eggs and edible oils and fats"
"nace_4634","nace_463","46.34","Wholesale of beverages"
"nace_4635","nace_463","46.35","Wholesale of tobacco products"
"nace_4636","nace_463","46.36","Wholesale of sugar and chocolate and sugar confectionery"
"nace_4637","nace_463","46.37","Wholesale of coffee, tea, cocoa and spices"
"nace_4638","nace_463","46.38","Wholesale of other food, including fish, crustaceans and molluscs"
"nace_4639","nace_463","46.39","Non-specialised wholesale of food, beverages and tobacco"
"nace_464","nace_46","46.4","Wholesale of household goods"
"nace_4641","nace_464","46.41","Wholesale of textiles"
"nace_4642","nace_464","46.42","Wholesale of clothing and footwear"
"nace_4643","nace_464","46.43","Wholesale of electrical household appliances"
"nace_4644","nace_464","46.44","Wholesale of china and glassware and cleaning materials"
"nace_4645","nace_464","46.45","Wholesale of perfume and cosmetics"
"nace_4646","nace_464","46.46","Wholesale of pharmaceutical goods"
"nace_4647","nace_464","46.47","Wholesale of furniture, carpets and lighting equipment"
"nace_4648","nace_464","46.48","Wholesale of watches and jewellery"
"nace_4649","nace_464","46.49","Wholesale of other household goods"
"nace_465","nace_46","46.5","Wholesale of information and communication equipment"
"nace_4651","nace_465","46.51","Wholesale of computers, computer peripheral equipment and software"
"nace_4652","nace_465","46.52","Wholesale of electronic and telecommunications equipment and parts"
"nace_466","nace_46","46.6","Wholesale of other machinery, equipment and supplies"
"nace_4661","nace_466","46.61","Wholesale of agricultural machinery, equipment and supplies"
"nace_4662","nace_466","46.62","Wholesale of machine tools"
"nace_4663","nace_466","46.63","Wholesale of mining, construction and civil engineering machinery"
"nace_4664","nace_466","46.64","Wholesale of machinery for the textile industry and of sewing and knitting machines"
"nace_4665","nace_466","46.65","Wholesale of office furniture"
"nace_4666","nace_466","46.66","Wholesale of other office machinery and equipment"
"nace_4669","nace_466","46.69","Wholesale of other machinery and equipment"
"nace_467","nace_46","46.7","Other specialised wholesale"
"nace_4671","nace_467","46.71","Wholesale of solid, liquid and gaseous fuels and related products"
"nace_4672","nace_467","46.72","Wholesale of metals and metal ores"
"nace_4673","nace_467","46.73","Wholesale of wood, construction materials and sanitary equipment"
"nace_4674","nace_467","46.74","Wholesale of hardware, plumbing and heating equipment and supplies"
"nace_4675","nace_467","46.75","Wholesale of chemical products"
"nace_4676","nace_467","46.76","Wholesale of other intermediate products"
"nace_4677","nace_467","46.77","Wholesale of waste and scrap"
"nace_469","nace_46","46.9","Non-specialised wholesale trade"
"nace_4690","nace_469","46.90","Non-specialised wholesale trade"
"nace_47","nace_G","47","Retail trade, except of motor vehicles and motorcycles"
"nace_471","nace_47","47.1","Retail sale in non-specialised stores"
"nace_4711","nace_471","47.11","Retail sale in non-specialised stores with food, beverages or tobacco predominating"
"nace_4719","nace_471","47.19","Other retail sale in non-specialised stores"
"nace_472","nace_47","47.2","Retail sale of food, beverages and tobacco in specialised stores"
"nace_4721","nace_472","47.21","Retail sale of fruit and vegetables in specialised stores"
"nace_4722","nace_472","47.22","Retail sale of meat and meat products in specialised stores"
"nace_4723","nace_472","47.23","Retail sale of fish, crustaceans and molluscs in specialised stores"
"nace_4724","nace_472","47.24","Retail sale of bread, cakes, flour confectionery and sugar confectionery in specialised stores"
"nace_4725","nace_472","47.25","Retail sale of beverages in specialised stores"
"nace_4726","nace_472","47.26","Retail sale of tobacco products in specialised stores"
"nace_4729","nace_472","47.29","Other retail sale of food in specialised stores"
"nace_473","nace_47","47.3","Retail sale of automotive fuel in specialised stores"
"nace_4730","nace_473","47.30","Retail sale of automotive fuel in specialised stores"
"nace_474","nace_47","47.4","Retail sale of information and communication equipment in specialised stores"
"nace_4741","nace_474","47.41","Retail sale of computers, peripheral units and software in specialised stores"
"nace_4742","nace_474","47.42","Retail sale of telecommunications equipment in specialised stores"
"nace_4743","nace_474","47.43","Retail sale of audio and video equipment in specialised stores"
"nace_475","nace_47","47.5","Retail sale of other household equipment in specialised stores"
"nace_4751","nace_475","47.51","Retail sale of textiles in specialised stores"
"nace_4752","nace_475","47.52","Retail sale of hardware, paints and glass in specialised stores"
"nace_4753","nace_475","47.53","Retail sale of carpets, rugs, wall and floor coverings in specialised stores"
"nace_4754","nace_475","47.54","Retail sale of electrical household appliances in specialised stores"
"nace_4759","nace_475","47.59","Retail sale of furniture, lighting equipment and other household articles in specialised stores"
"nace_476","nace_47","47.6","Retail sale of cultural and recreation goods in specialised stores"
"nace_4761","nace_476","47.61","Retail sale of books in specialised stores"
"nace_4762","nace_476","47.62","Retail sale of newspapers and stationery in specialised stores"
"nace_4763","nace_476","47.63","Retail sale of music and video recordings in specialised stores"
"nace_4764","nace_476","47.64","Retail sale of sporting equipment in specialised stores"
"nace_4765","nace_476","47.65","Retail sale of games and toys in specialised stores"
"nace_477","nace_47","47.7","Retail sale of other goods in specialised stores"
"nace_4771","nace_477","47.71","Retail sale of clothing in specialised stores"
"nace_4772","nace_477","47.72","Retail sale of footwear and leather goods in specialised stores"
"nace_4773","nace_477","47.73","Dispensing chemist in specialised stores"
"nace_4774","nace_477","47.74","Retail sale of medical and orthopaedic goods in specialised stores"
"nace_4775","nace_477","47.75","Retail sale of cosmetic and toilet articles in specialised stores"
"nace_4776","nace_477","47.76","Retail sale of flowers, plants, seeds, fertilisers, pet animals and pet food in specialised stores"
"nace_4777","nace_477","47.77","Retail sale of watches and jewellery in specialised stores"
"nace_4778","nace_477","47.78","Other retail sale of new goods in specialised stores"
"nace_4779","nace_477","47.79","Retail sale of second-hand goods in stores"
"nace_478","nace_47","47.8","Retail sale via stalls and markets"
"nace_4781","nace_478","47.81","Retail sale via stalls and markets of food, beverages and tobacco products"
"nace_4782","nace_478","47.82","Retail sale via stalls and markets of textiles, clothing and footwear"
"nace_4789","nace_478","47.89","Retail sale via stalls and markets of other goods"
"nace_479","nace_47","47.9","Retail trade not in stores, stalls or markets"
"nace_4791","nace_479","47.91","Retail sale via mail order houses or via Internet"
"nace_4799","nace_479","47.99","Other retail sale not in stores, stalls or markets"
"nace_H","nace_root","H","TRANSPORTATION AND STORAGE"
"nace_49","nace_H","49","Land transport and transport via pipelines"
"nace_491","nace_49","49.1","Passenger rail transport, interurban"
"nace_4910","nace_491","49.10","Passenger rail transport, interurban"
"nace_492","nace_49","49.2","Freight rail transport"
"nace_4920","nace_492","49.20","Freight rail transport"
"nace_493","nace_49","49.3","Other passenger land transport "
"nace_4931","nace_493","49.31","Urban and suburban passenger land transport"
"nace_4932","nace_493","49.32","Taxi operation"
"nace_4939","nace_493","49.39","Other passenger land transport n.e.c."
"nace_494","nace_49","49.4","Freight transport by road and removal services"
"nace_4941","nace_494","49.41","Freight transport by road"
"nace_4942","nace_494","49.42","Removal services"
"nace_495","nace_49","49.5","Transport via pipeline"
"nace_4950","nace_495","49.50","Transport via pipeline"
"nace_50","nace_H","50","Water transport"
"nace_501","nace_50","50.1","Sea and coastal passenger water transport"
"nace_5010","nace_501","50.10","Sea and coastal passenger water transport"
"nace_502","nace_50","50.2","Sea and coastal freight water transport"
"nace_5020","nace_502","50.20","Sea and coastal freight water transport"
"nace_503","nace_50","50.3","Inland passenger water transport"
"nace_5030","nace_503","50.30","Inland passenger water transport"
"nace_504","nace_50","50.4","Inland freight water transport"
"nace_5040","nace_504","50.40","Inland freight water transport"
"nace_51","nace_H","51","Air transport"
"nace_511","nace_51","51.1","Passenger air transport"
"nace_5110","nace_511","51.10","Passenger air transport"
"nace_512","nace_51","51.2","Freight air transport and space transport"
"nace_5121","nace_512","51.21","Freight air transport"
"nace_5122","nace_512","51.22","Space transport"
"nace_52","nace_H","52","Warehousing and support activities for transportation"
"nace_521","nace_52","52.1","Warehousing and storage"
"nace_5210","nace_521","52.10","Warehousing and storage"
"nace_522","nace_52","52.2","Support activities for transportation"
"nace_5221","nace_522","52.21","Service activities incidental to land transportation"
"nace_5222","nace_522","52.22","Service activities incidental to water transportation"
"nace_5223","nace_522","52.23","Service activities incidental to air transportation"
"nace_5224","nace_522","52.24","Cargo handling"
"nace_5229","nace_522","52.29","Other transportation support activities "
"nace_53","nace_H","53","Postal and courier activities"
"nace_531","nace_53","53.1","Postal activities under universal service obligation"
"nace_5310","nace_531","53.10","Postal activities under universal service obligation"
"nace_532","nace_53","53.2","Other postal and courier activities"
"nace_5320","nace_532","53.20","Other postal and courier activities"
"nace_I","nace_root","I","ACCOMMODATION AND FOOD SERVICE ACTIVITIES"
"nace_55","nace_I","55","Accommodation"
"nace_551","nace_55","55.1","Hotels and similar accommodation"
"nace_5510","nace_551","55.10","Hotels and similar accommodation"
"nace_552","nace_55","55.2","Holiday and other short-stay accommodation"
"nace_5520","nace_552","55.20","Holiday and other short-stay accommodation"
"nace_553","nace_55","55.3","Camping grounds, recreational vehicle parks and trailer parks"
"nace_5530","nace_553","55.30","Camping grounds, recreational vehicle parks and trailer parks"
"nace_559","nace_55","55.9","Other accommodation"
"nace_5590","nace_559","55.90","Other accommodation"
"nace_56","nace_I","56","Food and beverage service activities"
"nace_561","nace_56","56.1","Restaurants and mobile food service activities"
"nace_5610","nace_561","56.10","Restaurants and mobile food service activities"
"nace_562","nace_56","56.2","Event catering and other food service activities"
"nace_5621","nace_562","56.21","Event catering activities"
"nace_5629","nace_562","56.29","Other food service activities"
"nace_563","nace_56","56.3","Beverage serving activities"
"nace_5630","nace_563","56.30","Beverage serving activities"
"nace_J","nace_root","J","INFORMATION AND COMMUNICATION"
"nace_58","nace_J","58","Publishing activities"
"nace_581","nace_58","58.1","Publishing of books, periodicals and other publishing activities"
"nace_5811","nace_581","58.11","Book publishing"
"nace_5812","nace_581","58.12","Publishing of directories and mailing lists"
"nace_5813","nace_581","58.13","Publishing of newspapers"
"nace_5814","nace_581","58.14","Publishing of journals and periodicals"
"nace_5819","nace_581","58.19","Other publishing activities"
"nace_582","nace_58","58.2","Software publishing"
"nace_5821","nace_582","58.21","Publishing of computer games"
"nace_5829","nace_582","58.29","Other software publishing"
"nace_59","nace_J","59","Motion picture, video and television programme production, sound recording and music publishing activities"
"nace_591","nace_59","59.1","Motion picture, video and television programme activities"
"nace_5911","nace_591","59.11","Motion picture, video and television programme production activities"
"nace_5912","nace_591","59.12","Motion picture, video and television programme post-production activities"
"nace_5913","nace_591","59.13","Motion picture, video and television programme distribution activities"
"nace_5914","nace_591","59.14","Motion picture projection activities"
"nace_592","nace_59","59.2","Sound recording and music publishing activities"
"nace_5920","nace_592","59.20","Sound recording and music publishing activities"
"nace_60","nace_J","60","Programming and broadcasting activities"
"nace_601","nace_60","60.1","Radio broadcasting"
"nace_6010","nace_601","60.10","Radio broadcasting"
"nace_602","nace_60","60.2","Television programming and broadcasting activities"
"nace_6020","nace_602","60.20","Television programming and broadcasting activities"
"nace_61","nace_J","61","Telecommunications"
"nace_611","nace_61","61.1","Wired telecommunications activities"
"nace_6110","nace_611","61.10","Wired telecommunications activities"
"nace_612","nace_61","61.2","Wireless telecommunications activities"
"nace_6120","nace_612","61.20","Wireless telecommunications activities"
"nace_613","nace_61","61.3","Satellite telecommunications activities"
"nace_6130","nace_613","61.30","Satellite telecommunications activities"
"nace_619","nace_61","61.9","Other telecommunications activities"
"nace_6190","nace_619","61.90","Other telecommunications activities"
"nace_62","nace_J","62","Computer programming, consultancy and related activities"
"nace_620","nace_62","62.0","Computer programming, consultancy and related activities"
"nace_6201","nace_620","62.01","Computer programming activities"
"nace_6202","nace_620","62.02","Computer consultancy activities"
"nace_6203","nace_620","62.03","Computer facilities management activities"
"nace_6209","nace_620","62.09","Other information technology and computer service activities"
"nace_63","nace_J","63","Information service activities"
"nace_631","nace_63","63.1","Data processing, hosting and related activities; web portals"
"nace_6311","nace_631","63.11","Data processing, hosting and related activities"
"nace_6312","nace_631","63.12","Web portals"
"nace_639","nace_63","63.9","Other information service activities"
"nace_6391","nace_639","63.91","News agency activities"
"nace_6399","nace_639","63.99","Other information service activities n.e.c."
"nace_K","nace_root","K","FINANCIAL AND INSURANCE ACTIVITIES"
"nace_64","nace_K","64","Financial service activities, except insurance and pension funding"
"nace_641","nace_64","64.1","Monetary intermediation"
"nace_6411","nace_641","64.11","Central banking"
"nace_6419","nace_641","64.19","Other monetary intermediation"
"nace_642","nace_64","64.2","Activities of holding companies"
"nace_6420","nace_642","64.20","Activities of holding companies"
"nace_643","nace_64","64.3","Trusts, funds and similar financial entities"
"nace_6430","nace_643","64.30","Trusts, funds and similar financial entities"
"nace_649","nace_64","64.9","Other financial service activities, except insurance and pension funding"
"nace_6491","nace_649","64.91","Financial leasing"
"nace_6492","nace_649","64.92","Other credit granting"
"nace_6499","nace_649","64.99","Other financial service activities, except insurance and pension funding n.e.c."
"nace_65","nace_K","65","Insurance, reinsurance and pension funding, except compulsory social security"
"nace_651","nace_65","65.1","Insurance"
"nace_6511","nace_651","65.11","Life insurance"
"nace_6512","nace_651","65.12","Non-life insurance"
"nace_652","nace_65","65.2","Reinsurance"
"nace_6520","nace_652","65.20","Reinsurance"
"nace_653","nace_65","65.3","Pension funding"
"nace_6530","nace_653","65.30","Pension funding"
"nace_66","nace_K","66","Activities auxiliary to financial services and insurance activities"
"nace_661","nace_66","66.1","Activities auxiliary to financial services, except insurance and pension funding"
"nace_6611","nace_661","66.11","Administration of financial markets"
"nace_6612","nace_661","66.12","Security and commodity contracts brokerage"
"nace_6619","nace_661","66.19","Other activities auxiliary to financial services, except insurance and pension funding"
"nace_662","nace_66","66.2","Activities auxiliary to insurance and pension funding"
"nace_6621","nace_662","66.21","Risk and damage evaluation"
"nace_6622","nace_662","66.22","Activities of insurance agents and brokers"
"nace_6629","nace_662","66.29","Other activities auxiliary to insurance and pension funding"
"nace_663","nace_66","66.3","Fund management activities"
"nace_6630","nace_663","66.30","Fund management activities"
"nace_L","nace_root","L","REAL ESTATE ACTIVITIES"
"nace_68","nace_L","68","Real estate activities"
"nace_681","nace_68","68.1","Buying and selling of own real estate"
"nace_6810","nace_681","68.10","Buying and selling of own real estate"
"nace_682","nace_68","68.2","Rental and operating of own or leased real estate"
"nace_6820","nace_682","68.20","Rental and operating of own or leased real estate"
"nace_683","nace_68","68.3","Real estate activities on a fee or contract basis"
"nace_6831","nace_683","68.31","Real estate agencies"
"nace_6832","nace_683","68.32","Management of real estate on a fee or contract basis"
"nace_M","nace_root","M","PROFESSIONAL, SCIENTIFIC AND TECHNICAL ACTIVITIES"
"nace_69","nace_M","69","Legal and accounting activities"
"nace_691","nace_69","69.1","Legal activities"
"nace_6910","nace_691","69.10","Legal activities"
"nace_692","nace_69","69.2","Accounting, bookkeeping and auditing activities; tax consultancy"
"nace_6920","nace_692","69.20","Accounting, bookkeeping and auditing activities; tax consultancy"
"nace_70","nace_M","70","Activities of head offices; management consultancy activities"
"nace_701","nace_70","70.1","Activities of head offices"
"nace_7010","nace_701","70.10","Activities of head offices"
"nace_702","nace_70","70.2","Management consultancy activities"
"nace_7021","nace_702","70.21","Public relations and communication activities"
"nace_7022","nace_702","70.22","Business and other management consultancy activities"
"nace_71","nace_M","71","Architectural and engineering activities; technical testing and analysis"
"nace_711","nace_71","71.1","Architectural and engineering activities and related technical consultancy"
"nace_7111","nace_711","71.11","Architectural activities "
"nace_7112","nace_711","71.12","Engineering activities and related technical consultancy"
"nace_712","nace_71","71.2","Technical testing and analysis"
"nace_7120","nace_712","71.20","Technical testing and analysis"
"nace_72","nace_M","72","Scientific research and development "
"nace_721","nace_72","72.1","Research and experimental development on natural sciences and engineering"
"nace_7211","nace_721","72.11","Research and experimental development on biotechnology"
"nace_7219","nace_721","72.19","Other research and experimental development on natural sciences and engineering"
"nace_722","nace_72","72.2","Research and experimental development on social sciences and humanities"
"nace_7220","nace_722","72.20","Research and experimental development on social sciences and humanities"
"nace_73","nace_M","73","Advertising and market research"
"nace_731","nace_73","73.1","Advertising"
"nace_7311","nace_731","73.11","Advertising agencies"
"nace_7312","nace_731","73.12","Media representation"
"nace_732","nace_73","73.2","Market research and public opinion polling"
"nace_7320","nace_732","73.20","Market research and public opinion polling"
"nace_74","nace_M","74","Other professional, scientific and technical activities"
"nace_741","nace_74","74.1","Specialised design activities"
"nace_7410","nace_741","74.10","Specialised design activities"
"nace_742","nace_74","74.2","Photographic activities"
"nace_7420","nace_742","74.20","Photographic activities"
"nace_743","nace_74","74.3","Translation and interpretation activities"
"nace_7430","nace_743","74.30","Translation and interpretation activities"
"nace_749","nace_74","74.9","Other professional, scientific and technical activities n.e.c."
"nace_7490","nace_749","74.90","Other professional, scientific and technical activities n.e.c."
"nace_75","nace_M","75","Veterinary activities"
"nace_750","nace_75","75.0","Veterinary activities"
"nace_7500","nace_750","75.00","Veterinary activities"
"nace_N","nace_root","N","ADMINISTRATIVE AND SUPPORT SERVICE ACTIVITIES"
"nace_77","nace_N","77","Rental and leasing activities"
"nace_771","nace_77","77.1","Rental and leasing of motor vehicles"
"nace_7711","nace_771","77.11","Rental and leasing of cars and light motor vehicles"
"nace_7712","nace_771","77.12","Rental and leasing of trucks"
"nace_772","nace_77","77.2","Rental and leasing of personal and household goods"
"nace_7721","nace_772","77.21","Rental and leasing of recreational and sports goods"
"nace_7722","nace_772","77.22","Rental of video tapes and disks"
"nace_7729","nace_772","77.29","Rental and leasing of other personal and household goods"
"nace_773","nace_77","77.3","Rental and leasing of other machinery, equipment and tangible goods"
"nace_7731","nace_773","77.31","Rental and leasing of agricultural machinery and equipment"
"nace_7732","nace_773","77.32","Rental and leasing of construction and civil engineering machinery and equipment"
"nace_7733","nace_773","77.33","Rental and leasing of office machinery and equipment (including computers)"
"nace_7734","nace_773","77.34","Rental and leasing of water transport equipment"
"nace_7735","nace_773","77.35","Rental and leasing of air transport equipment"
"nace_7739","nace_773","77.39","Rental and leasing of other machinery, equipment and tangible goods n.e.c."
"nace_774","nace_77","77.4","Leasing of intellectual property and similar products, except copyrighted works"
"nace_7740","nace_774","77.40","Leasing of intellectual property and similar products, except copyrighted works"
"nace_78","nace_N","78","Employment activities"
"nace_781","nace_78","78.1","Activities of employment placement agencies"
"nace_7810","nace_781","78.10","Activities of employment placement agencies"
"nace_782","nace_78","78.2","Temporary employment agency activities"
"nace_7820","nace_782","78.20","Temporary employment agency activities"
"nace_783","nace_78","78.3","Other human resources provision"
"nace_7830","nace_783","78.30","Other human resources provision"
"nace_79","nace_N","79","Travel agency, tour operator and other reservation service and related activities"
"nace_791","nace_79","79.1","Travel agency and tour operator activities"
"nace_7911","nace_791","79.11","Travel agency activities"
"nace_7912","nace_791","79.12","Tour operator activities"
"nace_799","nace_79","79.9","Other reservation service and related activities"
"nace_7990","nace_799","79.90","Other reservation service and related activities"
"nace_80","nace_N","80","Security and investigation activities"
"nace_801","nace_80","80.1","Private security activities"
"nace_8010","nace_801","80.10","Private security activities"
"nace_802","nace_80","80.2","Security systems service activities"
"nace_8020","nace_802","80.20","Security systems service activities"
"nace_803","nace_80","80.3","Investigation activities"
"nace_8030","nace_803","80.30","Investigation activities"
"nace_81","nace_N","81","Services to buildings and landscape activities"
"nace_811","nace_81","81.1","Combined facilities support activities"
"nace_8110","nace_811","81.10","Combined facilities support activities"
"nace_812","nace_81","81.2","Cleaning activities"
"nace_8121","nace_812","81.21","General cleaning of buildings"
"nace_8122","nace_812","81.22","Other building and industrial cleaning activities"
"nace_8129","nace_812","81.29","Other cleaning activities"
"nace_813","nace_81","81.3","Landscape service activities"
"nace_8130","nace_813","81.30","Landscape service activities"
"nace_82","nace_N","82","Office administrative, office support and other business support activities"
"nace_821","nace_82","82.1","Office administrative and support activities"
"nace_8211","nace_821","82.11","Combined office administrative service activities"
"nace_8219","nace_821","82.19","Photocopying, document preparation and other specialised office support activities"
"nace_822","nace_82","82.2","Activities of call centres"
"nace_8220","nace_822","82.20","Activities of call centres"
"nace_823","nace_82","82.3","Organisation of conventions and trade shows"
"nace_8230","nace_823","82.30","Organisation of conventions and trade shows"
"nace_829","nace_82","82.9","Business support service activities n.e.c."
"nace_8291","nace_829","82.91","Activities of collection agencies and credit bureaus"
"nace_8292","nace_829","82.92","Packaging activities"
"nace_8299","nace_829","82.99","Other business support service activities n.e.c."
"nace_O","nace_root","O","PUBLIC ADMINISTRATION AND DEFENCE; COMPULSORY SOCIAL SECURITY"
"nace_84","nace_O","84","Public administration and defence; compulsory social security"
"nace_841","nace_84","84.1","Administration of the State and the economic and social policy of the community"
"nace_8411","nace_841","84.11","General public administration activities"
"nace_8412","nace_841","84.12","Regulation of the activities of providing health care, education, cultural services and other social services, excluding social security"
"nace_8413","nace_841","84.13","Regulation of and contribution to more efficient operation of businesses"
"nace_842","nace_84","84.2","Provision of services to the community as a whole"
"nace_8421","nace_842","84.21","Foreign affairs"
"nace_8422","nace_842","84.22","Defence activities"
"nace_8423","nace_842","84.23","Justice and judicial activities"
"nace_8424","nace_842","84.24","Public order and safety activities"
"nace_8425","nace_842","84.25","Fire service activities"
"nace_843","nace_84","84.3","Compulsory social security activities"
"nace_8430","nace_843","84.30","Compulsory social security activities"
"nace_P","nace_root","P","EDUCATION"
"nace_85","nace_P","85","Education"
"nace_851","nace_85","85.1","Pre-primary education"
"nace_8510","nace_851","85.10","Pre-primary education "
"nace_852","nace_85","85.2","Primary education"
"nace_8520","nace_852","85.20","Primary education "
"nace_853","nace_85","85.3","Secondary education"
"nace_8531","nace_853","85.31","General secondary education "
"nace_8532","nace_853","85.32","Technical and vocational secondary education "
"nace_854","nace_85","85.4","Higher education"
"nace_8541","nace_854","85.41","Post-secondary non-tertiary education"
"nace_8542","nace_854","85.42","Tertiary education"
"nace_855","nace_85","85.5","Other education"
"nace_8551","nace_855","85.51","Sports and recreation education"
"nace_8552","nace_855","85.52","Cultural education"
"nace_8553","nace_855","85.53","Driving school activities"
"nace_8559","nace_855","85.59","Other education n.e.c."
"nace_856","nace_85","85.6","Educational support activities"
"nace_8560","nace_856","85.60","Educational support activities"
"nace_Q","nace_root","Q","HUMAN HEALTH AND SOCIAL WORK ACTIVITIES"
"nace_86","nace_Q","86","Human health activities"
"nace_861","nace_86","86.1","Hospital activities"
"nace_8610","nace_861","86.10","Hospital activities"
"nace_862","nace_86","86.2","Medical and dental practice activities"
"nace_8621","nace_862","86.21","General medical practice activities"
"nace_8622","nace_862","86.22","Specialist medical practice activities"
"nace_8623","nace_862","86.23","Dental practice activities"
"nace_869","nace_86","86.9","Other human health activities"
"nace_8690","nace_869","86.90","Other human health activities"
"nace_87","nace_Q","87","Residential care activities"
"nace_871","nace_87","87.1","Residential nursing care activities"
"nace_8710","nace_871","87.10","Residential nursing care activities"
"nace_872","nace_87","87.2","Residential care activities for mental retardation, mental health and substance abuse"
"nace_8720","nace_872","87.20","Residential care activities for mental retardation, mental health and substance abuse"
"nace_873","nace_87","87.3","Residential care activities for the elderly and disabled"
"nace_8730","nace_873","87.30","Residential care activities for the elderly and disabled"
"nace_879","nace_87","87.9","Other residential care activities"
"nace_8790","nace_879","87.90","Other residential care activities"
"nace_88","nace_Q","88","Social work activities without accommodation"
"nace_881","nace_88","88.1","Social work activities without accommodation for the elderly and disabled"
"nace_8810","nace_881","88.10","Social work activities without accommodation for the elderly and disabled"
"nace_889","nace_88","88.9","Other social work activities without accommodation"
"nace_8891","nace_889","88.91","Child day-care activities"
"nace_8899","nace_889","88.99","Other social work activities without accommodation n.e.c."
"nace_R","nace_root","R","ARTS, ENTERTAINMENT AND RECREATION"
"nace_90","nace_R","90","Creative, arts and entertainment activities"
"nace_900","nace_90","90.0","Creative, arts and entertainment activities"
"nace_9001","nace_900","90.01","Performing arts"
"nace_9002","nace_900","90.02","Support activities to performing arts"
"nace_9003","nace_900","90.03","Artistic creation"
"nace_9004","nace_900","90.04","Operation of arts facilities"
"nace_91","nace_R","91","Libraries, archives, museums and other cultural activities"
"nace_910","nace_91","91.0","Libraries, archives, museums and other cultural activities"
"nace_9101","nace_910","91.01","Library and archives activities"
"nace_9102","nace_910","91.02","Museums activities"
"nace_9103","nace_910","91.03","Operation of historical sites and buildings and similar visitor attractions"
"nace_9104","nace_910","91.04","Botanical and zoological gardens and nature reserves activities"
"nace_92","nace_R","92","Gambling and betting activities"
"nace_920","nace_92","92.0","Gambling and betting activities"
"nace_9200","nace_920","92.00","Gambling and betting activities"
"nace_93","nace_R","93","Sports activities and amusement and recreation activities"
"nace_931","nace_93","93.1","Sports activities"
"nace_9311","nace_931","93.11","Operation of sports facilities"
"nace_9312","nace_931","93.12","Activities of sports clubs"
"nace_9313","nace_931","93.13","Fitness facilities"
"nace_9319","nace_931","93.19","Other sports activities"
"nace_932","nace_93","93.2","Amusement and recreation activities"
"nace_9321","nace_932","93.21","Activities of amusement parks and theme parks"
"nace_9329","nace_932","93.29","Other amusement and recreation activities"
"nace_S","nace_root","S","OTHER SERVICE ACTIVITIES"
"nace_94","nace_S","94","Activities of membership organisations"
"nace_941","nace_94","94.1","Activities of business, employers and professional membership organisations"
"nace_9411","nace_941","94.11","Activities of business and employers membership organisations"
"nace_9412","nace_941","94.12","Activities of professional membership organisations"
"nace_942","nace_94","94.2","Activities of trade unions"
"nace_9420","nace_942","94.20","Activities of trade unions"
"nace_949","nace_94","94.9","Activities of other membership organisations"
"nace_9491","nace_949","94.91","Activities of religious organisations"
"nace_9492","nace_949","94.92","Activities of political organisations"
"nace_9499","nace_949","94.99","Activities of other membership organisations n.e.c."
"nace_95","nace_S","95","Repair of computers and personal and household goods"
"nace_951","nace_95","95.1","Repair of computers and communication equipment"
"nace_9511","nace_951","95.11","Repair of computers and peripheral equipment"
"nace_9512","nace_951","95.12","Repair of communication equipment"
"nace_952","nace_95","95.2","Repair of personal and household goods"
"nace_9521","nace_952","95.21","Repair of consumer electronics"
"nace_9522","nace_952","95.22","Repair of household appliances and home and garden equipment"
"nace_9523","nace_952","95.23","Repair of footwear and leather goods"
"nace_9524","nace_952","95.24","Repair of furniture and home furnishings"
"nace_9525","nace_952","95.25","Repair of watches, clocks and jewellery"
"nace_9529","nace_952","95.29","Repair of other personal and household goods"
"nace_96","nace_S","96","Other personal service activities"
"nace_960","nace_96","96.0","Other personal service activities"
"nace_9601","nace_960","96.01","Washing and (dry-)cleaning of textile and fur products"
"nace_9602","nace_960","96.02","Hairdressing and other beauty treatment"
"nace_9603","nace_960","96.03","Funeral and related activities"
"nace_9604","nace_960","96.04","Physical well-being activities"
"nace_9609","nace_960","96.09","Other personal service activities n.e.c."
"nace_T","nace_root","T","ACTIVITIES OF HOUSEHOLDS AS EMPLOYERS; UNDIFFERENTIATED GOODS- AND SERVICES-PRODUCING ACTIVITIES OF HOUSEHOLDS FOR OWN USE"
"nace_97","nace_T","97","Activities of households as employers of domestic personnel"
"nace_970","nace_97","97.0","Activities of households as employers of domestic personnel"
"nace_9700","nace_970","97.00","Activities of households as employers of domestic personnel"
"nace_98","nace_T","98","Undifferentiated goods- and services-producing activities of private households for own use"
"nace_981","nace_98","98.1","Undifferentiated goods-producing activities of private households for own use"
"nace_9810","nace_981","98.10","Undifferentiated goods-producing activities of private households for own use"
"nace_982","nace_98","98.2","Undifferentiated service-producing activities of private households for own use"
"nace_9820","nace_982","98.20","Undifferentiated service-producing activities of private households for own use"
"nace_U","nace_root","U","ACTIVITIES OF EXTRATERRITORIAL ORGANISATIONS AND BODIES"
"nace_99","nace_U","99","Activities of extraterritorial organisations and bodies"
"nace_990","nace_99","99.0","Activities of extraterritorial organisations and bodies"
"nace_9900","nace_990","99.00","Activities of extraterritorial organisations and bodies"
